Symbol,Sequence,PAM,GC
A1CF,TGGATTGAGCGGCACTCAGA,AGG,55.0
A1CF,CCAGCGCACAGGATATAGCT,TGG,55.0
A1CF,AAATATGGTGGCCCTCCACC,TGG,55.0
AAAS,GTCCGCATACGAATCTAGCC,CGG,55.0
AAAS,TCCGCATACGAATCTAGCCC,GGG,55.0
AAAS,AACCGGCAAGATGTGCTCTC,TGG,55.0
AAR2,GCCAAGCGCCTCTTCTTTGA,AGG,55.0
AAR2,CTTCTTTGAAGGGGCCACTG,TGG,55.0
AAR2,GGTCATCCTGAACATGCCCA,AGG,55.0
AARS1,GCGACCCTAGGAGAGTTCTT,TGG,55.0
AARS1,TCTTCGAGATGCTGGGCTCT,TGG,55.0
AARS1,GTCTGCGGGAATAGGTGCAG,CGG,60.0
AARSD1,CTGCAGACTGAAGGGAGCAA,CGG,55.0
AARSD1,AGTGCTGAGCGGTTTCCAAG,TGG,55.0
AARSD1,TCATTTCACCCAGACACCCC,TGG,55.0
AASS,TACATAGGACTGGACTGGGC,AGG,55.0
AASS,ACAAAGCTGTGTTGGCCGTC,CGG,55.0
AASS,ATGTGAACGCCTGGGAGAGA,AGG,55.0
AATF,GCACATTTACGTGCGCGAAG,CGG,55.0
AATF,GATGAAGGGGAAGATGGGGA,AGG,55.0
AATF,ATCAGCCTCCCTCTTGGACA,CGG,55.0
ABCA6,TGGCTCCTCAGAATCTGGGA,AGG,55.0
ABCA6,GGCTCCTCAGAATCTGGGAA,GGG,55.0
ABCA6,CCAGGCTGTGTAAGAGCTGC,TGG,60.0
ABCF1,CACGAGCCCATCAGACAAAG,TGG,55.0
ABCF1,AGCGAGATACCCGAAAAGGC,AGG,55.0
ABCF1,GAGATACCCGAAAAGGCAGG,CGG,55.0
